Mean,Median,Std,Range(low),Range(high),Time(mus)
1.12282e+08,9.41429e+07,6.48114e+07,2.50417e+07,3.25568e+08,2107.16
