Strategy, Mean,Median,Std,Range(low),Range(high),Time(mus)
0,40.9039,41.7986,9.84998,22.7573,59.2234,530.9
1,41.6317,41.2405,9.25231,29.4507,56.6072,468.5
2,39.4563,38.0311,8.73215,28.3238,57.9285,453.9
3,42.8959,41.1381,7.16429,32.6892,57.8214,369.8
