Strategy,Mean,Median,Std,Range(low),Range(high),Time(mius)
DE1,3.08,3,2.31378,0,11,767.54
DE2,1.46,1,0.498397,1,2,998.42
DE3,0,0,0,0,0,790.64
DE4,1.82,2,0.993781,0,5,1079.22
DE5,13.84,14,1.84781,10,18,1407.38
DE6,13.24,10.5,11.4901,1,55,1105.92
DE7,6.2,6,0.87178,4,8,1507.62
DE8,0.74,0,1.18,0,7,1154.58
DE9,9.54,8,7.87962,2,49,1638.6
DE10,41.06,41,4.8761,28,52,2191.82
