Strategy,Mean,Median,Std,Range(low),Range(high),Time(mius)
DE1,-73.84,-75,5.97113,-83,-54,740.8
DE2,-2.46,-1,5.61502,-25,6,966.08
DE3,-43.64,-44,4.83636,-52,-28,769.4
DE4,5.46,4.5,7.16438,-17,20,1046.38
DE5,59.2,60.5,6.4436,44,70,1344.5
DE6,-49.86,-50.5,15.1947,-75,-11,1068.96
DE7,33.22,34,6.78613,10,47,1450.64
DE8,-75.76,-76.5,3.41503,-80,-63,1119.14
DE9,38.76,39,10.5633,15,61,1580.22
DE10,145.04,148.5,12.0399,112,164,2086.44
