Strategy, Mean,Median,Std,Range(low),Range(high),Time(mus)
0,4.57717e+08,3.94338e+08,2.10953e+08,2.38164e+08,9.916e+08,456.2
1,4.29966e+08,3.763e+08,2.46733e+08,1.22029e+08,9.08948e+08,416.5
2,3.78296e+08,2.93369e+08,2.18587e+08,1.69398e+08,8.37215e+08,410.8
3,2.87832e+08,3.2121e+08,8.50529e+07,1.68273e+08,3.88709e+08,368.8
