Strategy,Mean,Median,Std,Range(low),Range(high),Time(mius)
DE1,34.66,30,12.743,29,88,755.38
DE2,80.94,81,3.8388,75,91,1004.78
DE3,29.74,30,0.82,29,33,804.26
DE4,80.9,81,6.56125,66,97,1081.68
DE5,235.3,234.5,9.41966,214,258,1380.78
DE6,67.22,69.5,26.7517,30,147,1078.72
DE7,126.58,126.5,6.40341,112,144,1488.8
DE8,32.98,30,7.08376,29,68,1131.58
DE9,95.64,95.5,15.7147,70,140,1616.18
DE10,376.3,380,13.2759,336,397,2155.32
