Strategy, Mean,Median,Std,Range(low),Range(high),Time(mus)
basic,-23.8208,-23.719,0.609572,-26.2173,-22.7224,1976.34
gauss0,-25.7576,-25.7567,0.831377,-28.0545,-24.4725,456.64
gauss1,-27.2466,-27.06,0.970649,-30.6462,-25.7363,385.42
gauss2,-27.6244,-27.4838,1.00252,-31.4717,-26.1886,380.58
gauss3,-25.4542,-25.4056,1.04125,-28.3041,-23.6854,294.84
