Strategy,Mean,Median,Std,low,high,Time(mus)
GA,-26.2436,-26.2669,0.62964,-24.539,-27.6397,206.8
DE1,-13.72,-14,0.775629,-12,-16,398.7
DE2,-13.34,-13,0.62,-12,-16,523.54
DE3,-14.08,-14,0.56,-13,-15,397.52
DE4,-12.92,-13,0.688186,-12,-14,593.3
DE5,-12.8,-13,0.565685,-12,-14,760.46
DE6,-12.02,-12,0.734575,-11,-14,565.12
DE7,-11.12,-11,0.65238,-10,-13,784.42
DE8,-12.42,-12,0.750733,-11,-15,572.8
DE9,-10.78,-11,0.729109,-10,-13,896.58
DE10,-10.66,-11,0.586856,-10,-12,1169.34
