Strategy,Mean,Median,Std,Range(low),Range(high),Time(mius)
DE1,-28.9,-29,0.67082,-30,-28,732.16
DE2,-28.76,-29,0.736478,-31,-27,990.82
DE3,-30.3,-30,0.806226,-32,-29,735.24
DE4,-28.38,-28,0.718053,-31,-27,1119.8
DE5,-28.14,-28,0.774855,-30,-27,1462.58
DE6,-24.08,-24,0.820731,-26,-22,1081.84
DE7,-24.16,-24,0.731027,-26,-23,1533.38
DE8,-25.36,-25,0.866256,-27,-24,1092.38
DE9,-23.68,-24,0.705408,-26,-23,1751.9
DE10,-23.72,-24,0.567098,-25,-23,2350.52
