Strategy,Mean,Median,Std,Range(low),Range(high),Time(mius)
DE1,-6.3,-6,0.608276,-8,-5,778.9
DE2,-4.64,-5,0.557136,-6,-4,1020.84
DE3,-5.64,-6,0.52,-7,-5,778.5
DE4,-4.2,-4,0.447214,-6,-4,1165.64
DE5,-4.02,-4,0.423792,-5,-3,1487.84
DE6,-3.18,-3,0.712461,-5,-2,1158.74
DE7,-2.68,-3,0.507543,-4,-2,1564.28
DE8,-3.32,-3,0.507543,-5,-3,1137
DE9,-2.38,-2,0.485386,-3,-2,1830.1
DE10,-2.26,-2,0.438634,-3,-2,2377.38
