Strategy,Mean,Median,Std,Range(low),Range(high),Time(mius)
DE1,-16.18,-16,0.653911,-18,-15,790.66
DE2,-15.22,-15,0.60959,-17,-14,1043.66
DE3,-16.02,-16,0.616117,-18,-15,797.04
DE4,-14.68,-15,0.64622,-16,-14,1175.06
DE5,-14.54,-14,0.639062,-16,-14,1508.08
DE6,-13,-13,0.916515,-15,-11,1130.76
DE7,-11.86,-12,0.447661,-13,-11,1577.92
DE8,-13.08,-13,0.688186,-15,-12,1151.6
DE9,-11.32,-11,0.733212,-13,-10,1793.62
DE10,-11.14,-11,0.663626,-13,-10,2356.26
