Strategy, Mean,Median,Std,Range(low),Range(high),Time(mus)
0,-2.84104,-2.65219,0.601934,-4.41615,-2.35834,644.5
1,-2.58891,-2.57692,0.293376,-3.09321,-2.17761,534.1
2,-2.49435,-2.47362,0.295452,-3.15327,-1.99379,513.9
3,-1.75427,-1.7961,0.250013,-2.19376,-1.35074,371.3
