Mean,Median,Standard Deviation,Range,Time
4.48948e+07,3.28627e+07,4.37527e+07,5.07745e+06-3.23233e+07,147.82ms
