Mean,Median,Standard Deviation,Range,Time
2.7045e+08,2.18031e+08,1.89282e+08,1.38253e+07-2.62341e+08,125.02ms
