Mean,Median,Std,Range(low),Range(high),Time(mus)
2.07458e+09,2.14748e+09,2.63196e+08,6.98833e+08,2.14748e+09,1289.04
