Strategy,Mean,Median,Std,Range(low),Range(high),Time(mius)
DE1,41.72,42,1.96,37,46,807.8
DE2,41.76,42,1.50413,35,45,1044.6
DE3,39.58,40,1.29754,37,43,804.36
DE4,42.42,43,1.48445,39,45,1192.46
DE5,42.34,42,1.25873,40,45,1516.12
DE6,52.08,52,3.49193,44,59,1137.86
DE7,52.5,53,1.73494,46,55,1564.52
DE8,48.56,48,2.40133,44,54,1162.62
DE9,54.32,54,2.29295,50,60,1791.46
DE10,54.08,54.5,2.18028,48,57,2347.08
