Strategy, Mean,Median,Std,Range(low),Range(high),Time(mus)
0,50.3253,50.5419,1.31229,48.3261,52.4942,716.4
1,50.7035,50.5646,1.15009,49.0917,52.981,576.8
2,49.7245,49.4185,1.90357,45.8168,52.7129,553.7
3,56.0136,56.3696,2.93832,50.2121,59.8441,395.2
