Mean,Median,Standard Devation,Range,Time
8.10916,7.65725,2.27405,3.62233-10.5123,408.86ms
