Mean,Median,Standard Devation,Range,Time
6.77305,6.16461,3.54774,1.95548-4.82009,658.86ms
