Mean,Median,Standard Devation,Range,Time
5.10456e+07,4.15757e+07,4.49931e+07,1.21651e+06-7.88709e+07,453.94ms
