Mean,Median,Standard Devation,Range,Time
3.83926e+08,3.33848e+08,2.66203e+08,1.13004e+07-6.52149e+08,359.24ms
