Strategy,Mean,Median,Std,Range(low),Range(high),Time(mius)
DE1,1.02,1,0.14,1,2,700.16
DE2,1,1,0,1,1,942.04
DE3,1,1,0,1,1,732.2
DE4,1,1,0,1,1,1019.82
DE5,13.06,13,1.52853,9,16,1310.66
DE6,1.68,2,0.507543,1,3,1027.62
DE7,1.84,2,0.366606,1,2,1415.14
DE8,1,1,0,1,1,1064.96
DE9,1,1,0,1,1,1535.2
DE10,50.74,49.5,5.98936,36,62,2041.66
